,macro_auc,Fmax
point,0.9254358590055028,0.7640877628838272
mean,0.9241506768041208,0.7646629019725241
lower,0.9173334466601515,0.7558391520704713
upper,0.931885977264585,0.774315521964307
