,macro_auc,Fmax
point,0.9688116167508207,0.8239780124312659
mean,0.9687119528587899,0.8241962805249604
lower,0.9667593449202806,0.8214886872032838
upper,0.9704797140232024,0.8269524494636573
